P.IVA,Email,Ragione sociale
11755301006,info@3moffice.it,3M OFFICE DI CRUGLIANO SESTO
8279881216,acquisti@4gshop.it,4G SRL
8442571215,agofficesrls@gmail.com,A G OFFICE SRLS
10131441213,tabaccheriasoleado@gmail.com,ADRIANO ROSATO
8554431216,info@advancedmedialabsrl.it,ADVANCEDMEDIALAB SRLS
1957290677,info@alfana.it,"AFN RETAIL SNC DEI F.LLI ALESSANDRO, FABRIZIO E NADIA"
3861480782,ALFASAS2023@GMAIL.COM,AL.FA DI ALESSIO GIAMPA' SAS E C.
2182460671,info@alfana.it,ALFANA degli EREDI MATONE ALBERTO
8440761214,almacopysrl@gmail.com,ALMA COPY SRL
11670441002,amministrazione@alphaink.net,ALPHAINK SRL
2459300303,ammaisanosrl@gmail.com,AM MAISANO SRL
4295060612,commerciale@ambicleaning.it,AMBI TECHNICAL CLEANING SRLS
9391671212,anfrasrls@gmail.com,AN.FRA. S.R.L.S
1897770739,amodio.due@libero.it,ANGELO AMODIO S.R.L.
5341150752,info@apuntozetashop.it,APUNTOZETA SHOP DI ZEZZA ANDREA
7828840962,info@arcopia.it,AR COPIA SRL
8662081218,cart_ardea@virgilio.it,ARDEACARTOSHOP DI LUCCI ANTONIO
10737541218,emiliobergavi@gmail.com,ARDESIA BEAUTY SALOON SNC
8348421218,azufficiosrl@gmail.com,AZ UFFICIO SRL
614410637,ecommerce@caffebarbera.com,BARBERA CAFFE S.P.A
2321690279,alessandro@battistellasrl.it,BATTISTELLA S.R.L 
7766880632,libreriamedea@gmail.com,BELLAVISTA MARCO
1972420697,ordini@blupaper.it,BLU PAPER SRL
412780173,preventivi@bocchiosrl.it,BOCCHIO SRL
2170510412,info@bzcomputers.it,BZ COMPUTERS SCARL
10341981214,cabufficio@virgilio.it,CAB UFFICIO SRLS
2764720781,francoannibalecucci@gmail.com,CAF TONER DI CUCCI ANNIBALE
5698631214,fcapparelli@libero.it,CAPPARELLI FRANCESCO
4742000617,p.barrella85@gmail.com,CARTA PIU' DI PASQUALE BARRELLA
2595550811,cartapiusrl@virgilio.it,CARTA PIU' S.R.L.
278710371,acquisti@cartamarket.it,CARTAMARKET SNC
6289891217,cartediem.domingo@gmail.com,CARTE DIEM
2045320740,cart-office@libero.it,CARTOFFICE DI BIANCO NICOLA
2752290839,cartogadget-srl@virgilio.it,CARTOGADGET SRL
9483181211,MASSIMO.FORTINO@CARTOGRAFICAITALIANA.IT,CARTOGRAFICA ITALIANA DI MASSIMO FORTINO
7381680631,info@armicart.it,CARTOLERIA ARMICART DI ARMANDO MARTUCCELLI
800050635,cart.duraccio@alice.it,CARTOLERIA DURACCIO SAS DI DURACCIO GIUSEPPE & C.
1530740669,cartoleriaferella@gmail.com,CARTOLERIA FERELLA SNC DI FABIO & FRANCESCO FERELLA
10348611210,GIEFFECARTOLERIA@GMAIL.COM,CARTOLERIA GIEFFE DI GUADAGNO LUCIA
9511941214,graffettacartolerie@gmail.com,CARTOLERIA GRAFFETTA DI PEZZELLA ALESSANDRO
8288711214,ilgabibbo2008@libero.it,CARTOLERIA IL GABIBBO
6149250638,cartoleriapina1991@gmail.com,CARTOLERIA PINA
6694270635,mass.tamb@gmail.com,CARTOLERIA TAMBURRELLI DI MASSIMILIANO TAMBURRELLI
5408270634,commerciale@cartolianza.it,CARTOLIANZA SRL
8540881219,FABIO.MELLONE@GMAIL.COM,CARTOLIBRERIA AURORA
1117130664,cart.economica@gmail.com,CARTOLIBRERIA ECONOMICA SAS DI ANNA MARIA TIBERI
1006560393,contabilesnc@virgilio.it,CARTOLIBRERIA LA CONTABILE SNC DI SAVORELLI PAOLA & C.
7067411210,daniele.tudisco@hotmail.it,CARTOLIBRERIA STELLA
4902280611,info@cartolife.it,CARTOLIFE S.R.L.
10094371217,INFO@CARTOSYSTEMBUSINESS.IT,CARTOSYSTEM BUSINESS SOCIETA' COOPERATIVA
4293631000,info@cartotec92.com,CARTOTEC 92 S.A.S. DI SIMEOLI GIUSEPPE
5272021212,cartotecnicamugnano@libero.it,CARTOTECNICA
801300492,cartotec@sysnet.it,CARTOTECNICA SRL
6442121213,commerciale@cdnapolicity.it,CD NAPOLI CITY SRL
3460541216,centrocopieacacie@libero.it,CENTRO COPIE ACACIE DI MADONNA CARMINE
5418350657,centrocopiemorena@libero.it,CENTRO COPIE DI MORENA MICHELE
3963090653,centrocopierusso@libero.it,CENTRO COPIE LUCIO RUSSO S.R.L.
6798770639,centrocopiemedina@fastwebnet.it,CENTRO COPIE MEDINA SAS
6657541212,marketing@gruppoinformaticosrl.it,CENTRO INFORMATICO CAMPANO DI ESPOSITO LUIGI
4264070717,cfsmarttechnology@gmail.com,CF SMART TECHNOLOGY S.R.L.S.
6286590721,exnovo.ruvo@gmail.com,CHIAPPERINI GAETANO
8948911212,chimikart.napoli@gmail.com,CHIMIKART SRL.
2773200841,colletti.salvatore@gmail.com,COLLETTI SALVATORE
1525700546,donatella@comitalia.it,COMITALIA SRL
2002380240,info@commercialcarta.it,COMMERCIALCARTA SRL
2451870642,info@compumaint.it,COMPUTER MAINT DI SANDULLO SILVIO
1426500896,clienticomputeriasr@gmail.com,COMPUTERIA S.A.S DI GALLITO S. & C.
4453520654,copier@copiernet.it,COPIER DI VALERIO COLASANTE
3459270835,copyshopsrls@gmail.com,COPY SHOP SRLS
10148041212,COPYSYSTEMLAB@LIBERO.IT,COPY SYSTEM LAB S.R.L.S.
5834060872,roberto@cotech.it,COTECH SRL
6023240630,7.vincenzo@libero.it,COVER PHOTO DI VINCENZO SETTE & C. S.A.S.
17404891008,beracry@gmail.com,CRIEL DI MARIA CRISTINA BERARDI
7088890822,amministrazione@criscisrl.it,CRISCI SRL UNIPERSONALE
2507890594,FRANCHI.GIORGIO@CYBERPC.IT,CYBERPC DI FRANCHI GIORGIO
8605211005,dolsrl@yahoo.it,D.O.L. SRL
IT06418630726,info@dipintorigenerazioni.com,D.P.R. DI ROBERTO DI PINTO
4740670619,acquisti@microprice.it,DA.NA. DI ALTIERI DOMENICO
4968361214,dafne@dafne.net,DAFNE.NET SRL
624681201,tommaso.nanni@dataspeedshop.it,DATA SPEED S.R.L.
11061130016,to.siracusa@ecostore.eu,DAVIDE HACHAMI
962160396,decaraufficio@gmail.com,DE.CA.RA. SNC
8458520155,piero.demattia@deba.it,DEBA SRL
5785430637,designufficio@virgilio.it,DESIGN UFFICIO DI ALBERTO PASTORE
349430900,dicart@dicart.eu,DICART DI TANCHIS PINUCCIO
427550587,antonio@diemmeufficio.it,DIEMME DI GIANDOMENICO DI MATTIA
7237271213,digikartcartoleria@virgilio.it,DIGIKART DI FRANCESCO ZAZZERA
10263761214,DIGITALSAS2023@GMAIL.COM,DIGITAL GROUP S.A.S. DI GIOVANNI CIRILLO
9413571218,digitalservicenapoli20@gmail.com,DIGITAL SERVICE DI RENATO TIZZANO & C. SNC
2778080644,digitalgraphicsas@gmail.com,DIGITALGRAPHIC SRL
6148110635,dipinoufficio@libero.it,DIPINO UFFICIO S.A.S.
IT09744011215,info@disantomusica.it,DISANTOMUSICA SRL
4597220823,sandra@discountoffice.it,DISCOUNT OFFICE DI TRABUNELLA MICHELE
4738820614,cartucce.dorelli@libero.it,DO.DA. SRLS
6140471217,info@drexinformatica.it,DREX INFORMATICA DI FLAVIO MARIGLIANO
9024901218,dscartucce@gmail.com,DS CARTUCCE SRL
4427081007,marco_ranieri@ecolaserinformatica.it,ECO LASER INFORMATICA SRL
10110061008,ecoprice.plan@virgilio.it,ECO PRICE S.N.C. DI B. BALDUCCI ED E. LAMBIASE
6410721218,casapulla@ecostore.eu,ECO STORE DI ENRICO TANZI
5203060651,ordini@ecojetshop.it,ECOJET SRL
2972891218,eco.project@alice.it,ECOPROJECT DI GIOVANNI ESPOSITO
10682451009,info@eco-stampa.com,ECOSTAMPA DI ANDREA GARUGLIERI
10296671216,edilcos.errichelli@virgilio.it,EDIL COS DI ERRICHELLI GIUSEPPE
4615070754,info@effeerrelab.it,EFFEERRE LAB DI RIZZELLO FERNANDO
1314370113,espositoegidio@hotmail.it,EGIPRINT DI ESPOSITO EGIDIO
2789210644,mike1078@tiscali.it,ELETTRO SYSTEMS DI RUSSO MICHELE
7348091211,elettropezzi@gmail.com,ELETTRONICA IN PEZZI
9453801210,info@esystemsrl.it,ELETTROSYSTEM S.R.L.S.
1344471212,eliocartotecnicasas@gmail.com,ELIOCARTOTECNICA S.A.S. DI SEBILLO RAFFAELLA & C.
2345660613,eliostampa.amministrazione@gmail.com,ELIOSTAMPA SNC DI ANGELA SCIALLINO & C.
6016571215,info@pcelmas.it,ELMAS DI MASUCCI NICOLA
4264830375,massimo@emmegiricambi.it,EMMEGIRICAMBI S.P.A
9947161213,info@emmequadro.name,EMMEQUADRO DI MASSIMILIANO MICCOLII
4821950658,info@ertinformatica.com,ERT INFORMATICA DI MANDIELLO GIUSEPPE
1529220434,info@eurocarta.net,EUROCARTA SRL
2060730401,lucamoqi@europasystems.it,EUROPA SYSTEM SRL
8724561215,f.llilambogliasrl@virgilio.it,F.LLI LAMBOGLIA SRL
9808401211,falcotech2021@gmail.com,FALCO TECH DI ENRICO DI FALCO
934560947,mario.fragnito@fantozziufficio.it,FANTOZZI UFFICIO SRL
6325571211,farmaciacirino@gmail.com,FARMACIA CIRINO
3801441217,info@fdfpoint.it,FDF DI DELLA FEMINA FRANCESCO P.
5013731210,stefanialongobardo@live.it,FERRAMENTA CASALINGHI DI LAURO ANTONIO
6072080481,l.zanieri@fipell.it,FIPELL SERVICE SRL
766080501,info@baccheretisas.it,FORNITURE UFFICIO BACCHERETI SAS
1238230591,info@franzinogroup.it,FRANZINO ANTONIO & C. SAS
685140527,francesconocchi@fusishop.com,FUSI FORNITURE UFFICIO SAS DI FUSI PAOLO & C.
1795190626,edicolagalateo@gmail.com,GALATEO MARIA
5491110655,info@gcfoffice.it,GCF OFFICE SRL
6698840631,l.cecere@gero.srl,GERO SRL
4318561216,ghostoffice@tim.it,GHOST OFFICE NIGRO ANTONIO
4746051210,giorgio@gigliospa.com,GINO GIGLIO GENERATION S.P.A.
7060401218,torredelgreco@ecostore.eu,GIUSEPPE D'ISTRIA
1736000629,info@glcnetcom.it,GLC NETCOM SRL
8961061218,commerciale@globalinkjet.eu,GLOBAL INK-JET S.R.L.S
9564611003,STAMPAVALMONTONE@GMAIL.COM,GLOBAL SERVICE SRL
7331321211,gnc.ufficio@gmail.com,GNC DI CERASUOLO GIUSEPPE
1244480628,info@gp-informatica.it,GP INFORMATICA DI RINALDI ANNA RITA
8628771217,grmdistribuzioni@hotmail.it,GR DISTRIBUZIONI SRL
7599191215,ufficioacquisti@grammasrl.it,GRAMMA SRL
14197361000,dario@gruppogalagant.it,GRUPPO GALAGANT SRL
2354270973,higosrl168@gmail.com,HIGO SRL
3825940616,topsistemlaser@libero.it,IAIUNESE SONIA
3948850619,ideakarta@libero.it,IDEA KARTA DI RICCIARDI KATIA
4171300611,ideaufficio@gmail.com,IDEA UFFICIO DI CLAUDIO BALLETTA & C. SAS
834100331,edgardo@ikitaliana.it,IK ITALIANA SNC DI TASSI PIER LUIGI E C.
9131151004,Cartolaio.matto@hotmail.it,IL CARTOLAIO MATTO
11860991006,MONDOCARTUCCE@GMAIL.COM,IL MONDO DELLE CARTUCCE DI PIACENTINI ALESSANDRO
4680700400,iltemperinosrl@gmail.com,IL TEMPERINO SRL
11696691002,rm.trionfale@ecostore.eu,ILARIA PORCELLATO
10745131218,main@360trade.it,ILLIANO MAURIZIO
10199311217,amministrazione@informaticandonet.it,INFORMATICANDO NET SRLS
6631711212,p.pennarola@infosil.it,INFOSIL SAS DI PAOLO PENNAROLA
6680540637,info@infotecnica.net,INFOTECNICA DI COLANDREA CESARE
6761870721,infowarepg@libero.it,INFOWARE SRL
6622061213,cartuccenapoli@gmail.com,INK&PAPER DI CLAUDIO COTTONE
2537170801,info@inkel-italia.com,INKEL ITALIA S.A.S. DI CUTRI' CARMELA & C.
4277791218,inkpointsas@libero.it,INKPOINT SRL
5376890967,commerciale@insidesrl.net,INSIDE SRL
8660611214,acquisti@instantcare.it,ISTANT CARE SRL
5954820659,info@itakasrl.it,ITAKA SRL
3314250618,italiarappresentanze@alice.it,ITALIA RAPPRESENTANZE DI GIACOMO MARTUCCI
5472770659,italiatechsrl@gmail.com,ITALIATECH S.R.L.
4801870751,commercialekarti@gmail.com,KARTI CARTOLERIA DI MARCO AMATO
2788830129,bottegacartuccia@libero.it,LA BOTTEGA DELLA CARTUCCIA DI PASCA ORLANDO ADOLFO
6287590829,trabunellaalessandro@libero.it,LA CARTOTECNICA SICILIANA SRL
2223300407,lacontabilesrl@virgilio.it,LA CONTABILE SRL
3966780722,info@lanuovatecnica.it,LA NUOVA TECNICA DI BARONE GIUSEPPE
2582471211,info@lapiramideonline.it,LA PIRAMIDE SAS DI MOLISSO CIRO & C.
3974330619,lacartuccia.com@libero.it,LACARTUCCIA.COM SRL
14247821003,lcdaranova@yahoo.it,LCD DI EVA CARINI
1155770504,valentina.leoni@lemanet.it,LEMA SNC
1616060628,lineaufficio143@hotmail.com,LINEA UFFICIO SRLS
1883240606,lineaufficiosnc@libero.it,LINEAUFFICIO DI SIMEONE LUIGI SRL
2886020904,logudoros@tiscali.it,LOGUDORO SERVICE DI BIANCHINA GIAMPAOLA
2635910801,lombardodistribuzione@gmail.com,LOMBARDO EMANUELA
10697771003,lucasrl.lazio@gmail.com,LUCA SRL
10123621210,Fornitori@ferramentalucignano.com,LUCI.FER.SRLS
10187021216,saulmultiserviceshop@gmail.com,LUISEM SRLS
4376720613,madonimaria@pec.it,MADONI MARIA
3659440659,maggioliufficio.vallo@gmail.com,MAGGIOLI UFFICIO DI ANTONIO DI CATERINA
2262430362,acquisti01@martinelli.it,MARTINELLI SRL
4043740713,pierluigi.cifaldi@master-dealer.it,MASTER GROUP SRL
7376170630,info@masterpc.it,MASTER PC DI BATTISTA CORRADO
1440320628,masterufficio@hotmail.it,MASTER S.R.L.
8766411212,Maxbetnapoli@gmail.com,MAXBETNAPOLI SRL
7619841211,mbforniture@alice.it,MB FORNITURE DI MASSIMO BUCCELLI
11217730966,Giuseppe@mddistribution.it,MD DISTRIBUTION SRL
2272490810,mediacomingrosso@gmail.com,MEDIACOMM DI SANCETTA GIACOMO
1104500762,info@megacom.it,MEGACOM DI ROBERTO CARDONE
4157330756,info@melicart.it,MELICART SRL
3847650615,l.ventriglia@melitosrl.com,MELITO SRL
6101391214,carminedanese25@gmail.com,MI.DA. SOUND SRL
3667141216,mi.pen@libero.it,MI.PEN. DI A. MIGLIACCIO
2083370599,paolo@microtec.it,MICROTEC COMPUTER SRL
2634410407,davide.cantoni@minerva2000.com,MINERVA 2000 SRL
4529260616,mitaservizi20@virgilio.it,MITA SERVIZI DI CANTILE MARIA GIOVANNA
1568480444,federicomkc@tiscali.it,MKC SRL
7609940635,molliconesara@libero.it,MOLLICONE SARA
1811380839,mondocopiebrolo@gmail.com,MONDO COPIE DI MANIACI NUNZIO
8065901210,c.scialla@mooncomputer.it,MOON COMPUTER S.R.L
2523330617,info@mtdservice.it,MTD SERVICE SNC
6798840481,acquisti@mugnai1868.it,MUGNAI 1868 SRL
7597871214,neapolis2@live.com,NEAPOLIS 2013 SRLS
7708230631,napolitanom@neapolisinformatica.com,NEAPOLIS INFORMATICA SRL
1904300744,NETLEVERANO@GMAIL.COM,NET DI S. MORIERO
3946490657,info@newdigital.it,NEW DIGITAL S.A.S. DI PASCALE MAURIZIO
2460490812,info@newregenerationtoner.it,NEW REGENERATION TONER DI CALANDRA BARTOLOMEO ANTONINO
3958341210,newtechlab01@gmail.com,NEW TECH DI PORCARO GIUSEPPE
10486081218,newarvicartasrl@libero.it,NEWARVICARTA S.R.L.S.
2414410643,nova.rigenerazione@virgilio.it,NOVA RIGENERAZIONE DI PASQUALE GIUSEPPE
4743440655,admin@novatechweb.it,NOVATECH S.R.L.
4436670717,octopus.srl@outlook.it,OCTOPUS S.R.L.
2768650240,fabiola.b@ofba.it,OFBA SRL
6507881214,mariocannitiello@libero.it,OFFICE CENTER DI MARIO CANNITIELLO
7813370728,francesca@officetek.net,OFFICETEK SRL
8321831219,amm.officinastudenti@gmail.com,OFFICINASTUDENTI SRL
1717010548,info@omicronsystem.it,OMICRON SYSTEM SAS DI PROIETTI LUCIO & C
3133390546,info@onkart.it,ONKART SAS DI AMERICCIONI LUCIO
8995221218,openofficenapoli@gmail.com,OPENOFFICE DI ANDREA MARIGLIANO
7261521210,ordini@pgroffice.it,P.G.R. OFFICE SUPPLIES DI G.PPE PAGNOTTA
4860021213,messina.paolomessina@gmail.com,PAOLO MESSINA
2210220923,paperpoint@tin.it,PAPER POINT SAS DI COSSU MANOLO & C.
531920783,ORDINIPAPERINGROS@GMAIL.COM,PAPER-INGROS DI FREGA DAVIDE
7892340634,stanzionepasquale@pec.it,PASQUALE STANZIONE
2439850245,pazzaidea_fabio@libero.it,PAZZA IDEA DI BERTOLLO FABIO RICCARDO
6907220633,armandodeldeo@gmail.com,PC MARKET DI SOPRANO ORNELLA
1056100629,info@pentasistemi.net,PENTA SISTEMI S.R.L.
10124610584,pfa@live.it,PEPE FRANCESCO ANTONIO
10392721212,elio@pianurainformatica.it,PIANURA SRL
1344240765,sergio@pisanisrl.com,PISANI S.R.L.
4391200617,planet-office19@libero.it,PLANET OFFICE DI CIRO COMMODO
2680800410,info@printeroffice.it,PRINTER OFFICE S.R.L.
1125570778,info@printerpiu.com,PRINTER+ DI BENEDETTO LUCA & C SAS
4320330238,printerjetverona@gmail.com,PRINTERJET DI FACCIOLO SALVATORE
6007690651,info@printingtrade.it,PROGRESS TECHNOLOGY SRL 
1624770671,commerciale@puntorigenera.it,PUNTO RIGENERA SRL
1534940612,puntosettena@virgilio.it,PUNTO SETTE DI A. BASILE E F. AVOLIO & C. SNC
7935190632,emilio.bergavi@libero.it,RAINONE FERDINANDO
2876640737,rg-informatica@libero.it,RG INFORMATICA DI GIANCARLO RICCIARDI
3836100614,info@rigeka.it,RIGEKA SRL
1653500445,info@rigenerservice.it,RIGENER SERVICE S.N.C. DI STORTINI GIORGIO E MINNETTI PIETRO
10756851217,Info@ri-service.it,RI-SERVICE
5102851218,l.iannotti@free-tech.com,S.E.A. SRL
5868241216,info@si-serviziinformatici.it,S.I. SERVIZI INFORMATICI DI PAOLO DE MARTINO
5472400729,info@srdistribuzioni.it,S.R. DISTRIBUZIONI INFORMATICHE BY SUD RIGENERAZIONI SRL
8067951213,sansoncart@libero.it,SANSON CART S.A.S. DI ESPOSITO MARCELLA & C.
7752821210,aziendam.schiavone52@pec.it,SCHIAVONE MARIA
10344851216,corallo@sdmservices.it,SDM SERVICES CORALLO
3145760967,m.romano@selspot.it,SELECTA SRL
12693190964,ACQUISTI@SERVIZIELOGISTICA.EU,SERVIZI E LOGISTICA S.R.L.
7848950635,info@serviziinformatici.org,SERVIZI INFORMATICI DI GIUSEPPE FONTANA
4378240610,commerciale15@italdistribution.it,SHOPPID SRL
6958570639,sigmaufficionapoli@libero.it,SIGMA S.A.S. DI PAPACCIO GIOVANNI & C.
3360900652,commerciale@takefive.it,SOLUZIONI INFORMATICHE SRL
8134571218,spainformatica2014@gmail.com,SPAINFORMATICA SRLS
1898960768,info@spazioufficionapoli.it,SPAZIO UFFICIO DI BASILIO ANGELA
9248891211,cartoleriaspecchio@gmail.com,SPECCHIO 2 DI SPINELLI LEO
8233541211,schiano@staroffice.it,STAR SERVICE S.A.S.
7600061217,copistart@libero.it,START DI TOPPI CARMELA
3265470710,stedutomatteo@alice.it,STEDUTO MATTEO
3701250759,stil.carta1@gmail.com,STIL CARTA SRL
7975311213,agenda.arsnova@gmail.com,STUDIO ARS NOVA S.R.L.
1285220636,sudcavi@libero.it,SUD CAVI SRL
9262961213,supermercatocapodimontesrl@hotmail.com,SUPERMERCATO CAPODIMONTE S.R.L.
7553021218,info@synapsesoluzioni.it,SYNAPSE S.R.L.
17705871006,amministrazione.synergie2024@gmail.com,SYNERGIE
2741770354,terenzitomas@gmail.com,T.INKJET S.A.S DI TERENZI TOMAS E C.
1150090510,marco@tabor.it,TABOR.IT SRL
8594291216,fornitori@taikun.it,TAIKUN SRL
2411910595,info@tbkservice.com,TBK SERVICE DI BIANCHI NICOLA
4748001213,tecniche.elettroniche@gmail.com,TECNICHE ELETTRONICHE DI CATINO FRANCESCO
3266600737,lacoppolamassimo@gmail.com,TECNO POINT SRLS
10753761005,davide@streetstore.it,TECNOLOGIE & SERVIZI SRL
5170181217,gennaro64@gmail.com,TECNOMANIA DI G. TESTA
8716561215,tecnoufficiowebsrls@gmail.com,TECNOUFFICIO WEB SRLS
14459971009,info@temporia.it,TEMPORIA DI MAURO SCIPIONE
1956560740,ordini@teocart.it,TEOC@RT DI TEODORO BALESTRA
1762630406,info@themaoffice.com,THEMA OFFICE S.R.L.
10573961215,tipografiamonastero@libero.it,TIPOGRAFIA MONASTERO DI MONASTERO ALESSANDRO
6658841215,tipografia@portosalvo.it,TIPOGRAFIA PORTOSALVO
1682910706,tonerecosrl@gmail.com,TONER & CO SRL
3266540800,tonerpoint1970@libero.it,TONERPOINT DI AIELLO RAFFAELE
3670241219,info@top88.it,TOP 88 SRL
8348630727,info@trentadue.info,TRENTADUE SRLS
10138541213,acquisti3@trexon.it,TREXON WORLD S.R.L
1334491212,annunziatapatrizia@gmail.com,TUTTO PER L'UFFICIO S.A.S. DI ANNUNZIATA PATRIZIA & C.
14880081006,tuttoufficio.roma@libero.it,TUTTOUFFICIO SRLS
4066350408,info@ufgroup.it,UF GROUP S.N.C.
9666511218,info@usbinformatica.it,USB INFORMATICA DI FRANCESCO BOVE
3631650367,info@vegaprint.it,VEGAPRINT SRL
2908580927,maurizio.manca@veltios.it,VELTIOS DI MAURIZIO MANCA
1063790636,vipima@vipima.it,VIPIMA SOCIETA' DI NAVIGAZIONE S.P.A.
3994161218,info@vitielloufficio.it,VITIELLO LUCA
5690990964,cartolibreriarucellai@gmail.com,VONO BARBARA
4780640613,info@welcometrade.it,WELCOME TRADE SRL
2439390598,amministrazione@wintronic.it,WINTRONIC
10183121218,lafacciostampareio@gmail.com,WORK SERVICE S.R.L. SEMPLIFICATA
5547741214,COMMERCIALE@WORKGROUPS.IT,WORKGROUPS SERVICE SRL
2697860993,inkrapalloshop@gmail.com,WORLD OFFICE DI BONO MATTEO
6738641213,worldofficepoint@gmail.com,WORLD OFFICE SRL
2270770445,amministrazione@alphaink.net,XENRES SRL
4841140751,karteka2025@gmail.com,YELLOW MULTIGRAFICA DI FERRAMOSCA FRANCESCO
